[
    {
      "navbar":{
        "logo-url": "../../branding/logo.svg",
        "logo-route":"/",
        "links":[
          {"name": "home",
          "route": "/"
        },
        {
          "name": "About",
          "route": "/about"
        },
        {
          "name": "Services",
          "route": "services"
        }
        ],
        "cta_button": "Request Service"
      }
    },

      {
        "name": "home",
        "headline": "Your TrustedVending Partner",
        "body": "We deliver smart, reliable vending solutions for offices and public spaces, handling installation, restocking, and support so everything runs smoothly. Quality products, fast service, zero hassle.",
        "cta_button": "Request Service",
        "imgUrl": "../../public/uploads/hero.webp",
        "route":"/"
      },
      {
        "name": "Services",
        "route": "/services",

        "services": [
          {
            "route": "./service/vending-snack-machines",
            "cartoon-icon": "../../public/uploads/icon_snack-vending-machines.svg",
            "heroImg": "../../public/uploads/snack-vending.avif",
            "after-headline": "modern solutions",
            "headline-1": "Snack Vending Machine",
            "before-headline": "Modern snack machines with top brands and smart inventory support. Clean look, reliable performance, easy",
            "more-content":[
              {
                "before-heading": "",
                "h2": "Why chose our ",
                "after-heading": "",
                "imgUrl": ""
              }
            ]
          }
        ]
        
      }
     
  
  
  

]